group,home_team,away_team,outcome_label,prob_win,prob_draw,prob_loss,elo_diff,home_elo,away_elo
L,USA,Panama,L,0.07944775,0.1282647,0.7922876,-223.2820735702171,1500.0,1723.282073570217
L,USA,Honduras,L,0.10017937,0.25127512,0.6485455,-125.63708620632246,1500.0,1625.6370862063225
L,USA,Morocco,L,0.07373474,0.08475456,0.8415107,-410.750029739813,1500.0,1910.750029739813
L,Panama,Honduras,W,0.73256946,0.13982153,0.12760903,97.64498736389464,1723.282073570217,1625.6370862063225
L,Panama,Morocco,L,0.0974176,0.07118366,0.8313987,-187.46795616959596,1723.282073570217,1910.750029739813
L,Honduras,Morocco,L,0.09160871,0.11144497,0.7969463,-285.1129435334906,1625.6370862063225,1910.750029739813
L,Argentina,Chile,W,0.72526044,0.12575334,0.14898625,244.93151212850532,1947.968543734753,1703.0370316062476
L,Argentina,Peru,W,0.6744424,0.1468858,0.17867179,295.5900290717773,1947.968543734753,1652.3785146629757
L,Argentina,Australia,W,0.6894049,0.11420155,0.19639353,101.68821834293864,1947.968543734753,1846.2803253918144
L,Chile,Peru,L,0.32317987,0.31170654,0.3651136,50.658516943271934,1703.0370316062476,1652.3785146629757
L,Chile,Australia,L,0.1392392,0.14830194,0.71245885,-143.24329378556672,1703.0370316062476,1846.2803253918144
L,Peru,Australia,L,0.13908406,0.14215043,0.7187655,-193.90181072883863,1652.3785146629757,1846.2803253918144
L,Mexico,Jamaica,W,0.82205147,0.082307555,0.09564097,116.15638675456626,1753.6051479773348,1637.4487612227686
L,Mexico,Venezuela,W,0.6305867,0.15129837,0.21811499,44.57656654268021,1753.6051479773348,1709.0285814346546
L,Mexico,New Zealand,W,0.562847,0.11838172,0.3187712,96.80041561986786,1753.6051479773348,1656.804732357467
L,Jamaica,Venezuela,L,0.19477567,0.2671273,0.538097,-71.57982021188604,1637.4487612227686,1709.0285814346546
L,Jamaica,New Zealand,L,0.39577863,0.19294642,0.41127497,-19.355971134698397,1637.4487612227686,1656.804732357467
L,Venezuela,New Zealand,W,0.5677663,0.1894358,0.2427979,52.22384907718765,1709.0285814346546,1656.804732357467
L,France,Belgium,W,0.78968304,0.080831,0.12948596,142.8589860560653,1933.5904160945763,1790.731430038511
L,France,Croatia,W,0.72444457,0.08873818,0.18681724,58.151343225148366,1933.5904160945763,1875.439072869428
L,France,Thailand,W,0.85042083,0.046312306,0.10326683,369.8318320597657,1933.5904160945763,1563.7585840348106
L,Belgium,Croatia,L,0.1708515,0.11776968,0.7113789,-84.70764283091694,1790.731430038511,1875.439072869428
L,Belgium,Thailand,W,0.81330293,0.06691743,0.11977965,226.9728460037004,1790.731430038511,1563.7585840348106
L,Croatia,Thailand,W,0.79861605,0.08198513,0.1193988,311.68048883461734,1875.439072869428,1563.7585840348106
L,Spain,Portugal,W,0.7266933,0.11256049,0.16074623,95.44395386211568,1955.125390090596,1859.6814362284804
L,Spain,Uruguay,W,0.70781636,0.10435432,0.18782926,156.93407809634186,1955.125390090596,1798.1913119942542
L,Spain,Algeria,W,0.8054532,0.06557171,0.1289751,128.98051803088015,1955.125390090596,1826.144872059716
L,Portugal,Uruguay,W,0.69092506,0.1275741,0.18150085,61.49012423422619,1859.6814362284804,1798.1913119942542
L,Portugal,Algeria,W,0.6590045,0.11637275,0.22462279,33.53656416876447,1859.6814362284804,1826.144872059716
L,Uruguay,Algeria,W,0.5135185,0.16722848,0.31925303,-27.95356006546172,1798.1913119942542,1826.144872059716
L,England,Netherlands,W,0.53690493,0.15669264,0.30640244,7.915989580566702,1866.810296162452,1858.8943065818853
L,England,Senegal,W,0.5609842,0.18377681,0.25523898,5.086909584491195,1866.810296162452,1861.7233865779608
L,England,Georgia,W,0.7673663,0.08054851,0.15208519,264.55969922260715,1866.810296162452,1602.2505969398449
L,Netherlands,Senegal,L,0.41238266,0.1624481,0.42516926,-2.829079996075506,1858.8943065818853,1861.7233865779608
L,Netherlands,Georgia,W,0.75676346,0.087269485,0.15596704,256.64370964204045,1858.8943065818853,1602.2505969398449
L,Senegal,Georgia,W,0.75013626,0.09038853,0.15947522,259.472789638116,1861.7233865779608,1602.2505969398449
L,Brazil,Colombia,W,0.5917856,0.15920389,0.24901049,11.742471015882757,1857.1509981495003,1845.4085271336176
L,Brazil,Ecuador,W,0.60528564,0.13684793,0.25786638,22.52811604582712,1857.1509981495003,1834.6228821036727
L,Brazil,Cameroon,W,0.76560724,0.10872785,0.12566486,196.6255882134465,1857.1509981495003,1660.5254099360538
L,Colombia,Ecuador,W,0.47283185,0.16204046,0.36512774,10.785645029944362,1845.4085271336176,1834.6228821036727
L,Colombia,Cameroon,W,0.7618863,0.13148303,0.10663069,184.8831171975637,1845.4085271336176,1660.5254099360538
L,Ecuador,Cameroon,W,0.8031036,0.10110542,0.0957909,174.09747216761934,1834.6228821036727,1660.5254099360538
L,Germany,Hungary,W,0.7551708,0.12822598,0.11660318,148.3111282592231,1852.978751726996,1704.6676234677725
L,Germany,Japan,L,0.3636391,0.11304972,0.5233112,-55.76240057782002,1852.978751726996,1908.741152304816
L,Germany,South Africa,W,0.68736017,0.11436643,0.19827345,176.03166981733943,1852.978751726996,1676.9470819096562
L,Hungary,Japan,L,0.094352625,0.11765512,0.7879923,-204.0735288370431,1704.6676234677725,1908.741152304816
L,Hungary,South Africa,W,0.68575054,0.16296291,0.15128657,27.720541558116334,1704.6676234677725,1676.9470819096562
L,Japan,South Africa,W,0.7443148,0.07040093,0.18528426,231.79407039515945,1908.741152304816,1676.9470819096562
L,Italy,Sweden,W,0.58592385,0.15325458,0.26082152,70.26833857524821,1831.0738276670247,1760.8054890917765
L,Italy,Serbia,W,0.65552646,0.2191454,0.12532812,103.30515216012144,1831.0738276670247,1727.7686755069033
L,Italy,DR Congo,W,0.8602789,0.078269154,0.061451904,77.67418198020096,1831.0738276670247,1753.3996456868238
L,Sweden,Serbia,W,0.7038123,0.11991316,0.17627451,33.036813584873244,1760.8054890917765,1727.7686755069033
L,Sweden,DR Congo,W,0.70601577,0.13307923,0.16090503,7.405843404952748,1760.8054890917765,1753.3996456868238
L,Serbia,DR Congo,W,0.5581454,0.17482261,0.26703197,-25.630970179920496,1727.7686755069033,1753.3996456868238
L,Canada,Trinidad and Tobago,W,0.76161236,0.10318634,0.13520128,196.7397459533288,1712.392973456262,1515.6532275029333
L,Canada,Cuba,W,0.81849045,0.06696258,0.114547014,306.3504513059288,1712.392973456262,1406.0425221503333
L,Canada,Slovakia,W,0.76914024,0.11826783,0.112591885,65.47614342332963,1712.392973456262,1646.9168300329325
L,Trinidad and Tobago,Cuba,W,0.8332656,0.12745851,0.03927588,109.6107053526,1515.6532275029333,1406.0425221503333
L,Trinidad and Tobago,Slovakia,L,0.13611177,0.23427086,0.6296174,-131.26360252999916,1515.6532275029333,1646.9168300329325
L,Cuba,Slovakia,L,0.05132856,0.12726484,0.82140654,-240.8743078825992,1406.0425221503333,1646.9168300329325
L,South Korea,Iran,W,0.537829,0.1534008,0.30877024,1.0605418694904074,1829.7335793976545,1828.673037528164
L,South Korea,Uzbekistan,W,0.5325266,0.1561767,0.31129667,8.485059539783379,1829.7335793976545,1821.248519857871
L,South Korea,Ivory Coast,W,0.78797525,0.09550964,0.11651512,49.747326466269215,1829.7335793976545,1779.9862529313853
L,Iran,Uzbekistan,W,0.545583,0.14825493,0.3061621,7.424517670292971,1828.673037528164,1821.248519857871
L,Iran,Ivory Coast,W,0.7906312,0.09431323,0.115055576,48.68678459677881,1828.673037528164,1779.9862529313853
L,Uzbekistan,Ivory Coast,W,0.7552816,0.10270482,0.14201355,41.26226692648584,1821.248519857871,1779.9862529313853
L,Poland,Austria,L,0.23261195,0.15916692,0.6082211,-79.64476351430426,1738.4798778478118,1818.124641362116
L,Poland,Ukraine,L,0.3177943,0.3385484,0.34365728,13.327631143179817,1738.4798778478118,1725.152246704632
L,Poland,Nigeria,W,0.37597847,0.3234015,0.30062002,-20.23533810769277,1738.4798778478118,1758.7152159555046
L,Austria,Ukraine,W,0.6704918,0.13838515,0.19112305,92.97239465748407,1818.124641362116,1725.152246704632
L,Austria,Nigeria,W,0.76919234,0.109826654,0.12098099,59.40942540661149,1818.124641362116,1758.7152159555046
L,Ukraine,Nigeria,W,0.40153515,0.3040695,0.29439533,-33.562969250872584,1725.152246704632,1758.7152159555046
